p,largest_components
0.0,0.009999999999999998
0.00015015015015015014,0.015600000000000001
0.0003003003003003003,0.018199999999999997
0.0004504504504504504,0.0196
0.0006006006006006006,0.0218
0.0007507507507507507,0.022699999999999994
0.0009009009009009008,0.023399999999999994
0.001051051051051051,0.024399999999999998
0.0012012012012012011,0.0255
0.0013513513513513512,0.0269
0.0015015015015015015,0.0278
0.0016516516516516516,0.0291
0.0018018018018018016,0.0298
0.001951951951951952,0.030600000000000002
0.002102102102102102,0.0324
0.0022522522522522522,0.032799999999999996
0.0024024024024024023,0.034
0.0025525525525525524,0.035
0.0027027027027027024,0.0352
0.002852852852852853,0.036
0.003003003003003003,0.038200000000000005
0.003153153153153153,0.039799999999999995
0.003303303303303303,0.0409
0.003453453453453453,0.042699999999999995
0.0036036036036036032,0.04449999999999999
0.0037537537537537537,0.045599999999999995
0.003903903903903904,0.04819999999999999
0.004054054054054054,0.0512
0.004204204204204204,0.0527
0.004354354354354354,0.05430000000000001
0.0045045045045045045,0.05579999999999999
0.0046546546546546545,0.056900000000000006
0.004804804804804805,0.058699999999999995
0.004954954954954955,0.06009999999999999
0.005105105105105105,0.061900000000000004
0.005255255255255255,0.0629
0.005405405405405405,0.0644
0.005555555555555555,0.06590000000000001
0.005705705705705706,0.06940000000000002
0.005855855855855856,0.07190000000000002
0.006006006006006006,0.0754
0.006156156156156156,0.07760000000000002
0.006306306306306306,0.0806
0.006456456456456456,0.0834
0.006606606606606606,0.0855
0.006756756756756756,0.0877
0.006906906906906906,0.08869999999999999
0.007057057057057056,0.09159999999999999
0.0072072072072072065,0.09469999999999999
0.007357357357357357,0.09939999999999999
0.0075075075075075074,0.10169999999999998
0.0076576576576576575,0.1052
0.007807807807807808,0.10899999999999999
0.007957957957957958,0.11279999999999997
0.008108108108108109,0.11679999999999997
0.008258258258258258,0.1207
0.008408408408408409,0.1269
0.008558558558558558,0.13040000000000002
0.008708708708708709,0.13390000000000002
0.008858858858858858,0.1426
0.009009009009009009,0.15060000000000004
0.009159159159159158,0.15640000000000004
0.009309309309309309,0.16040000000000001
0.009459459459459458,0.1693
0.00960960960960961,0.17509999999999998
0.00975975975975976,0.18000000000000005
0.00990990990990991,0.18720000000000003
0.01006006006006006,0.19540000000000002
0.01021021021021021,0.20040000000000002
0.01036036036036036,0.21000000000000005
0.01051051051051051,0.21730000000000005
0.01066066066066066,0.22310000000000002
0.01081081081081081,0.2308
0.01096096096096096,0.23840000000000003
0.01111111111111111,0.24779999999999996
0.01126126126126126,0.25630000000000003
0.011411411411411412,0.2659000000000001
0.01156156156156156,0.27449999999999997
0.011711711711711712,0.287
0.011861861861861861,0.2997
0.012012012012012012,0.306
0.012162162162162161,0.3184
0.012312312312312312,0.33039999999999997
0.012462462462462461,0.3378
0.012612612612612612,0.3478
0.012762762762762761,0.3645999999999999
0.012912912912912912,0.37589999999999996
0.013063063063063063,0.3833999999999999
0.013213213213213212,0.39030000000000004
0.013363363363363363,0.40340000000000004
0.013513513513513513,0.4106
0.013663663663663663,0.4247000000000001
0.013813813813813813,0.43599999999999994
0.013963963963963964,0.4508
0.014114114114114113,0.4613999999999999
0.014264264264264264,0.47919999999999996
0.014414414414414413,0.48539999999999994
0.014564564564564564,0.4928
0.014714714714714715,0.5062000000000001
0.014864864864864864,0.5187000000000002
0.015015015015015015,0.5351
0.015165165165165164,0.5469
0.015315315315315315,0.56
0.015465465465465464,0.5677
0.015615615615615615,0.5759
0.015765765765765764,0.5837
0.015915915915915915,0.5922
0.016066066066066066,0.6003
0.016216216216216217,0.6107999999999999
0.016366366366366365,0.6205999999999999
0.016516516516516516,0.6286999999999999
0.016666666666666666,0.6405
0.016816816816816817,0.6481
0.016966966966966965,0.6591000000000001
0.017117117117117116,0.6635000000000001
0.017267267267267267,0.6686000000000001
0.017417417417417418,0.6766
0.017567567567567565,0.6858
0.017717717717717716,0.6931
0.017867867867867867,0.7022000000000002
0.018018018018018018,0.7091999999999998
0.01816816816816817,0.718
0.018318318318318316,0.7225
0.018468468468468467,0.7304
0.018618618618618618,0.7348
0.01876876876876877,0.7411
0.018918918918918916,0.7453999999999997
0.019069069069069067,0.7523000000000001
0.01921921921921922,0.7561
0.01936936936936937,0.7596999999999998
0.01951951951951952,0.7639999999999999
0.019669669669669668,0.7705000000000001
0.01981981981981982,0.7728
0.01996996996996997,0.7753
0.02012012012012012,0.7838
0.020270270270270268,0.7868999999999999
0.02042042042042042,0.7915000000000001
0.02057057057057057,0.7955999999999999
0.02072072072072072,0.7993999999999997
0.02087087087087087,0.8050999999999998
0.02102102102102102,0.8099999999999998
0.02117117117117117,0.8147999999999999
0.02132132132132132,0.8183999999999999
0.021471471471471472,0.8227999999999999
0.02162162162162162,0.8298999999999999
0.02177177177177177,0.8342999999999998
0.02192192192192192,0.8357999999999999
0.022072072072072072,0.8394999999999999
0.02222222222222222,0.8423999999999999
0.02237237237237237,0.8455999999999999
0.02252252252252252,0.8486999999999999
0.022672672672672672,0.8514999999999999
0.022822822822822823,0.8533999999999997
0.02297297297297297,0.8570000000000002
0.02312312312312312,0.8593000000000001
0.023273273273273273,0.863
0.023423423423423424,0.8647999999999999
0.02357357357357357,0.8672999999999998
0.023723723723723722,0.8694999999999999
0.023873873873873873,0.873
0.024024024024024024,0.8749000000000001
0.024174174174174175,0.8764
0.024324324324324322,0.8784000000000001
0.024474474474474473,0.8809999999999999
0.024624624624624624,0.8834000000000001
0.024774774774774775,0.8857000000000003
0.024924924924924922,0.8869
0.025075075075075073,0.8881999999999999
0.025225225225225224,0.8904
0.025375375375375375,0.8926
0.025525525525525523,0.8951999999999998
0.025675675675675674,0.8972
0.025825825825825825,0.8991
0.025975975975975975,0.9005
0.026126126126126126,0.9024000000000001
0.026276276276276274,0.9034
0.026426426426426425,0.9048
0.026576576576576576,0.9069000000000003
0.026726726726726727,0.9082000000000001
0.026876876876876874,0.9112
0.027027027027027025,0.9133
0.027177177177177176,0.9153
0.027327327327327327,0.9166999999999998
0.027477477477477478,0.9175
0.027627627627627625,0.9190000000000002
0.027777777777777776,0.9201
0.027927927927927927,0.9216
0.028078078078078078,0.9229999999999999
0.028228228228228226,0.924
0.028378378378378376,0.925
0.028528528528528527,0.9257000000000001
0.02867867867867868,0.9267000000000002
0.028828828828828826,0.9286999999999999
0.028978978978978977,0.9297
0.029129129129129128,0.931
0.02927927927927928,0.9321
0.02942942942942943,0.9327000000000001
0.029579579579579577,0.9338000000000001
0.029729729729729728,0.9349000000000001
0.02987987987987988,0.9356000000000002
0.03003003003003003,0.9362
0.030180180180180177,0.9375999999999999
0.030330330330330328,0.9386999999999999
0.03048048048048048,0.9395
0.03063063063063063,0.9411
0.03078078078078078,0.9414
0.03093093093093093,0.9423999999999999
0.03108108108108108,0.9430000000000001
0.03123123123123123,0.9438999999999999
0.03138138138138138,0.9450999999999999
0.03153153153153153,0.9458
0.03168168168168168,0.9460999999999998
0.03183183183183183,0.9475
0.03198198198198198,0.9483
0.03213213213213213,0.95
0.03228228228228228,0.9509000000000001
0.032432432432432434,0.9523999999999998
0.03258258258258258,0.9537
0.03273273273273273,0.9541000000000001
0.03288288288288288,0.9551000000000001
0.03303303303303303,0.9557000000000001
0.03318318318318318,0.9567
0.03333333333333333,0.9580000000000001
0.033483483483483484,0.9582
0.033633633633633635,0.9586000000000001
0.033783783783783786,0.9594000000000001
0.03393393393393393,0.9606
0.03408408408408408,0.9607000000000001
0.03423423423423423,0.9612000000000002
0.03438438438438438,0.9616000000000001
0.03453453453453453,0.9630000000000001
0.034684684684684684,0.9636000000000001
0.034834834834834835,0.9642000000000001
0.034984984984984986,0.9646000000000001
0.03513513513513513,0.9652000000000001
0.03528528528528528,0.9657000000000001
0.03543543543543543,0.9661
0.03558558558558558,0.9669000000000001
0.035735735735735734,0.9673
0.035885885885885885,0.9677
0.036036036036036036,0.968
0.03618618618618619,0.9684000000000001
0.03633633633633634,0.9690000000000001
0.03648648648648648,0.9697000000000001
0.03663663663663663,0.9703
0.03678678678678678,0.9706
0.036936936936936934,0.9708
0.037087087087087085,0.9710000000000001
0.037237237237237236,0.9711
0.03738738738738739,0.9717
0.03753753753753754,0.9722000000000002
0.03768768768768769,0.9724
0.03783783783783783,0.9729000000000001
0.037987987987987984,0.9732000000000001
0.038138138138138135,0.9733000000000002
0.038288288288288286,0.9739
0.03843843843843844,0.9740000000000001
0.03858858858858859,0.9743999999999999
0.03873873873873874,0.9747000000000001
0.03888888888888889,0.9756000000000001
0.03903903903903904,0.9762000000000001
0.039189189189189184,0.9766000000000001
0.039339339339339335,0.977
0.039489489489489486,0.9772
0.03963963963963964,0.9776
0.03978978978978979,0.9784000000000002
0.03993993993993994,0.9787
0.04009009009009009,0.9787
0.04024024024024024,0.9789999999999999
0.04039039039039039,0.9792000000000001
0.040540540540540536,0.98
0.04069069069069069,0.98
0.04084084084084084,0.9802
0.04099099099099099,0.9807000000000001
0.04114114114114114,0.9811000000000001
0.04129129129129129,0.9816999999999999
0.04144144144144144,0.9823
0.04159159159159159,0.9825999999999999
0.04174174174174174,0.9828000000000001
0.04189189189189189,0.9829000000000001
0.04204204204204204,0.9833
0.04219219219219219,0.9836999999999999
0.04234234234234234,0.9838
0.04249249249249249,0.9839999999999999
0.04264264264264264,0.9841
0.04279279279279279,0.9843999999999999
0.042942942942942944,0.9849000000000001
0.04309309309309309,0.9851000000000002
0.04324324324324324,0.9851000000000002
0.04339339339339339,0.9855000000000002
0.04354354354354354,0.9856
0.04369369369369369,0.9857
0.04384384384384384,0.9857
0.04399399399399399,0.9865
0.044144144144144144,0.9865999999999999
0.044294294294294295,0.9867
0.04444444444444444,0.9869
0.04459459459459459,0.987
0.04474474474474474,0.9872999999999998
0.04489489489489489,0.9873999999999999
0.04504504504504504,0.9875999999999999
0.045195195195195194,0.9876999999999999
0.045345345345345345,0.9879000000000001
0.045495495495495496,0.9880999999999999
0.04564564564564565,0.9880999999999999
0.04579579579579579,0.9885
0.04594594594594594,0.9889
0.04609609609609609,0.9889
0.04624624624624624,0.9895
0.046396396396396394,0.9898
0.046546546546546545,0.99
0.046696696696696696,0.9903
0.04684684684684685,0.9906
0.046996996996997,0.9909
0.04714714714714714,0.9910000000000001
0.04729729729729729,0.9911000000000001
0.047447447447447444,0.9912000000000001
0.047597597597597595,0.9913000000000001
0.047747747747747746,0.9914000000000002
0.0478978978978979,0.9917
0.04804804804804805,0.9917
0.0481981981981982,0.9918
0.04834834834834835,0.9919
0.048498498498498493,0.9922
0.048648648648648644,0.9925999999999999
0.048798798798798795,0.9928999999999999
0.048948948948948946,0.9928999999999999
0.0490990990990991,0.993
0.04924924924924925,0.993
0.0493993993993994,0.9932999999999998
0.04954954954954955,0.9933999999999998
0.0496996996996997,0.9933999999999998
0.049849849849849845,0.9937999999999999
0.049999999999999996,0.9937999999999999
0.05015015015015015,0.9939
0.0503003003003003,0.9939
0.05045045045045045,0.9939999999999999
0.0506006006006006,0.9941
0.05075075075075075,0.9942
0.0509009009009009,0.9943000000000001
0.051051051051051045,0.9946
0.051201201201201196,0.9946
0.05135135135135135,0.9947
0.0515015015015015,0.9948000000000001
0.05165165165165165,0.9949000000000001
0.0518018018018018,0.995
0.05195195195195195,0.9951000000000001
0.0521021021021021,0.9951000000000001
0.05225225225225225,0.9951000000000001
0.0524024024024024,0.9951000000000001
0.05255255255255255,0.9951000000000001
0.0527027027027027,0.9952000000000001
0.05285285285285285,0.9952000000000001
0.053003003003003,0.9952000000000001
0.05315315315315315,0.9952000000000001
0.0533033033033033,0.9952000000000001
0.05345345345345345,0.9952000000000001
0.053603603603603604,0.9952000000000001
0.05375375375375375,0.9953
0.0539039039039039,0.9953
0.05405405405405405,0.9953
0.0542042042042042,0.9954000000000001
0.05435435435435435,0.9956
0.0545045045045045,0.9957
0.054654654654654654,0.9957
0.054804804804804805,0.9957
0.054954954954954956,0.9957
0.0551051051051051,0.9957
0.05525525525525525,0.9957
0.0554054054054054,0.9957
0.05555555555555555,0.9959
0.0557057057057057,0.9961
0.055855855855855854,0.9961
0.056006006006006005,0.9961
0.056156156156156156,0.9963
0.05630630630630631,0.9964000000000002
0.05645645645645645,0.9965
0.0566066066066066,0.9965
0.05675675675675675,0.9965
0.056906906906906904,0.9965
0.057057057057057055,0.9965999999999999
0.057207207207207206,0.9965999999999999
0.05735735735735736,0.9967
0.05750750750750751,0.9967
0.05765765765765765,0.9967
0.0578078078078078,0.9969
0.05795795795795795,0.9970000000000002
0.058108108108108104,0.9970000000000002
0.058258258258258255,0.9971000000000001
0.058408408408408406,0.9973000000000001
0.05855855855855856,0.9973000000000001
0.05870870870870871,0.9973000000000001
0.05885885885885886,0.9973000000000001
0.059009009009009,0.9973000000000001
0.059159159159159154,0.9974000000000001
0.059309309309309305,0.9975
0.059459459459459456,0.9975
0.05960960960960961,0.9975
0.05975975975975976,0.9975
0.05990990990990991,0.9975
0.06006006006006006,0.9975
0.06021021021021021,0.9975
0.060360360360360354,0.9976
0.060510510510510505,0.9976
0.060660660660660656,0.9976
0.06081081081081081,0.9976
0.06096096096096096,0.9976
0.06111111111111111,0.9976
0.06126126126126126,0.9976
0.06141141141141141,0.9976
0.06156156156156156,0.9976
0.061711711711711706,0.9976
0.06186186186186186,0.9977000000000001
0.06201201201201201,0.9977000000000001
0.06216216216216216,0.9978
0.06231231231231231,0.9979
0.06246246246246246,0.9979
0.06261261261261261,0.9979
0.06276276276276276,0.9979
0.06291291291291291,0.9979
0.06306306306306306,0.9979
0.06321321321321322,0.9979
0.06336336336336336,0.9980000000000001
0.06351351351351352,0.9981
0.06366366366366366,0.9982
0.0638138138138138,0.9982
0.06396396396396396,0.9982
0.0641141141141141,0.9983
0.06426426426426426,0.9983
0.06441441441441441,0.9983
0.06456456456456457,0.9984000000000001
0.06471471471471471,0.9985
0.06486486486486487,0.9985
0.06501501501501501,0.9986000000000002
0.06516516516516516,0.9986000000000002
0.06531531531531531,0.9986000000000002
0.06546546546546546,0.9986000000000002
0.06561561561561562,0.9987
0.06576576576576576,0.9987
0.06591591591591592,0.9987
0.06606606606606606,0.9987999999999999
0.06621621621621622,0.9987999999999999
0.06636636636636636,0.9987999999999999
0.06651651651651651,0.9989
0.06666666666666667,0.9990000000000001
0.06681681681681681,0.9991
0.06696696696696697,0.9991
0.06711711711711711,0.9991
0.06726726726726727,0.9991
0.06741741741741741,0.9992
0.06756756756756757,0.9992
0.06771771771771772,0.9992
0.06786786786786786,0.9992
0.06801801801801802,0.9992
0.06816816816816816,0.9992
0.06831831831831832,0.9992
0.06846846846846846,0.9992
0.06861861861861862,0.9992
0.06876876876876876,0.9992
0.06891891891891892,0.9992
0.06906906906906907,0.9992
0.06921921921921921,0.9992
0.06936936936936937,0.9993000000000001
0.06951951951951951,0.9993000000000001
0.06966966966966967,0.9993000000000001
0.06981981981981981,0.9994
0.06996996996996997,0.9994
0.07012012012012012,0.9995
0.07027027027027026,0.9995
0.07042042042042042,0.9995
0.07057057057057056,0.9995
0.07072072072072072,0.9997
0.07087087087087086,0.9997
0.07102102102102102,0.9997
0.07117117117117117,0.9997
0.07132132132132132,0.9997
0.07147147147147147,0.9997
0.07162162162162161,0.9997
0.07177177177177177,0.9997
0.07192192192192191,0.9997
0.07207207207207207,0.9997
0.07222222222222222,0.9997
0.07237237237237237,0.9997
0.07252252252252252,0.9997
0.07267267267267268,0.9997
0.07282282282282282,0.9997
0.07297297297297296,0.9997
0.07312312312312312,0.9997
0.07327327327327327,0.9997
0.07342342342342342,0.9997
0.07357357357357357,0.9997
0.07372372372372372,0.9997
0.07387387387387387,0.9997
0.07402402402402403,0.9997
0.07417417417417417,0.9997
0.07432432432432431,0.9997
0.07447447447447447,0.9997
0.07462462462462462,0.9997
0.07477477477477477,0.9998
0.07492492492492492,0.9998
0.07507507507507508,0.9998
0.07522522522522522,0.9998
0.07537537537537538,0.9998
0.07552552552552552,0.9998
0.07567567567567567,0.9998
0.07582582582582582,0.9998
0.07597597597597597,0.9998
0.07612612612612613,0.9998
0.07627627627627627,0.9998
0.07642642642642643,0.9998
0.07657657657657657,0.9998
0.07672672672672673,0.9998
0.07687687687687687,0.9998
0.07702702702702702,0.9998
0.07717717717717718,0.9998
0.07732732732732732,0.9998
0.07747747747747748,0.9998
0.07762762762762762,0.9998
0.07777777777777778,0.9998
0.07792792792792792,0.9998
0.07807807807807808,0.9998
0.07822822822822822,0.9998
0.07837837837837837,0.9998
0.07852852852852853,0.9998
0.07867867867867867,0.9998
0.07882882882882883,0.9998
0.07897897897897897,0.9998
0.07912912912912913,0.9998
0.07927927927927927,0.9998
0.07942942942942943,0.9998
0.07957957957957958,0.9998
0.07972972972972972,0.9998
0.07987987987987988,0.9998
0.08003003003003002,0.9998
0.08018018018018018,0.9998
0.08033033033033032,0.9998
0.08048048048048048,0.9998
0.08063063063063063,0.9998
0.08078078078078078,0.9998
0.08093093093093093,0.9998
0.08108108108108107,0.9998
0.08123123123123123,0.9998
0.08138138138138137,0.9998
0.08153153153153153,0.9998
0.08168168168168168,0.9998
0.08183183183183183,0.9998
0.08198198198198198,0.9998
0.08213213213213214,0.9998
0.08228228228228228,0.9998
0.08243243243243242,0.9998
0.08258258258258258,0.9998
0.08273273273273272,0.9998
0.08288288288288288,0.9998
0.08303303303303303,0.9998
0.08318318318318318,0.9998
0.08333333333333333,0.9998
0.08348348348348349,0.9998
0.08363363363363363,0.9998
0.08378378378378377,0.9998
0.08393393393393393,0.9998
0.08408408408408408,0.9998
0.08423423423423423,0.9998
0.08438438438438438,0.9998
0.08453453453453454,0.9998
0.08468468468468468,0.9999000000000001
0.08483483483483482,0.9999000000000001
0.08498498498498498,0.9999000000000001
0.08513513513513513,0.9999000000000001
0.08528528528528528,0.9999000000000001
0.08543543543543543,0.9999000000000001
0.08558558558558559,0.9999000000000001
0.08573573573573573,0.9999000000000001
0.08588588588588589,0.9999000000000001
0.08603603603603603,0.9999000000000001
0.08618618618618618,0.9999000000000001
0.08633633633633633,0.9999000000000001
0.08648648648648648,0.9999000000000001
0.08663663663663664,0.9999000000000001
0.08678678678678678,0.9999000000000001
0.08693693693693694,0.9999000000000001
0.08708708708708708,0.9999000000000001
0.08723723723723724,0.9999000000000001
0.08738738738738738,0.9999000000000001
0.08753753753753753,0.9999000000000001
0.08768768768768768,0.9999000000000001
0.08783783783783783,0.9999000000000001
0.08798798798798799,0.9999000000000001
0.08813813813813813,0.9999000000000001
0.08828828828828829,0.9999000000000001
0.08843843843843843,0.9999000000000001
0.08858858858858859,0.9999000000000001
0.08873873873873873,0.9999000000000001
0.08888888888888888,0.9999000000000001
0.08903903903903904,0.9999000000000001
0.08918918918918918,0.9999000000000001
0.08933933933933934,0.9999000000000001
0.08948948948948948,0.9999000000000001
0.08963963963963964,0.9999000000000001
0.08978978978978978,0.9999000000000001
0.08993993993993994,0.9999000000000001
0.09009009009009009,0.9999000000000001
0.09024024024024023,0.9999000000000001
0.09039039039039039,0.9999000000000001
0.09054054054054053,0.9999000000000001
0.09069069069069069,0.9999000000000001
0.09084084084084083,0.9999000000000001
0.09099099099099099,0.9999000000000001
0.09114114114114114,0.9999000000000001
0.0912912912912913,0.9999000000000001
0.09144144144144144,0.9999000000000001
0.09159159159159158,0.9999000000000001
0.09174174174174174,0.9999000000000001
0.09189189189189188,0.9999000000000001
0.09204204204204204,0.9999000000000001
0.09219219219219218,0.9999000000000001
0.09234234234234234,0.9999000000000001
0.09249249249249249,0.9999000000000001
0.09264264264264264,0.9999000000000001
0.09279279279279279,0.9999000000000001
0.09294294294294293,0.9999000000000001
0.09309309309309309,0.9999000000000001
0.09324324324324323,0.9999000000000001
0.09339339339339339,0.9999000000000001
0.09354354354354354,0.9999000000000001
0.0936936936936937,0.9999000000000001
0.09384384384384384,0.9999000000000001
0.093993993993994,0.9999000000000001
0.09414414414414414,0.9999000000000001
0.09429429429429428,0.9999000000000001
0.09444444444444444,0.9999000000000001
0.09459459459459459,0.9999000000000001
0.09474474474474474,0.9999000000000001
0.09489489489489489,0.9999000000000001
0.09504504504504505,0.9999000000000001
0.09519519519519519,0.9999000000000001
0.09534534534534535,0.9999000000000001
0.09549549549549549,0.9999000000000001
0.09564564564564564,0.9999000000000001
0.0957957957957958,0.9999000000000001
0.09594594594594594,0.9999000000000001
0.0960960960960961,0.9999000000000001
0.09624624624624624,0.9999000000000001
0.0963963963963964,0.9999000000000001
0.09654654654654654,0.9999000000000001
0.0966966966966967,0.9999000000000001
0.09684684684684684,0.9999000000000001
0.09699699699699699,0.9999000000000001
0.09714714714714714,0.9999000000000001
0.09729729729729729,0.9999000000000001
0.09744744744744745,0.9999000000000001
0.09759759759759759,0.9999000000000001
0.09774774774774775,0.9999000000000001
0.09789789789789789,0.9999000000000001
0.09804804804804805,0.9999000000000001
0.0981981981981982,0.9999000000000001
0.09834834834834834,0.9999000000000001
0.0984984984984985,0.9999000000000001
0.09864864864864864,0.9999000000000001
0.0987987987987988,0.9999000000000001
0.09894894894894894,0.9999000000000001
0.0990990990990991,0.9999000000000001
0.09924924924924924,0.9999000000000001
0.0993993993993994,0.9999000000000001
0.09954954954954955,0.9999000000000001
0.09969969969969969,0.9999000000000001
0.09984984984984985,0.9999000000000001
0.09999999999999999,0.9999000000000001
0.10015015015015015,0.9999000000000001
0.1003003003003003,0.9999000000000001
0.10045045045045045,1.0
0.1006006006006006,1.0
0.10075075075075074,1.0
0.1009009009009009,1.0
0.10105105105105104,1.0
0.1012012012012012,1.0
0.10135135135135134,1.0
0.1015015015015015,1.0
0.10165165165165164,1.0
0.1018018018018018,1.0
0.10195195195195195,1.0
0.10210210210210209,1.0
0.10225225225225225,1.0
0.10240240240240239,1.0
0.10255255255255255,1.0
0.1027027027027027,1.0
0.10285285285285285,1.0
0.103003003003003,1.0
0.10315315315315315,1.0
0.1033033033033033,1.0
0.10345345345345344,1.0
0.1036036036036036,1.0
0.10375375375375374,1.0
0.1039039039039039,1.0
0.10405405405405405,1.0
0.1042042042042042,1.0
0.10435435435435435,1.0
0.1045045045045045,1.0
0.10465465465465465,1.0
0.1048048048048048,1.0
0.10495495495495495,1.0
0.1051051051051051,1.0
0.10525525525525525,1.0
0.1054054054054054,1.0
0.10555555555555556,1.0
0.1057057057057057,1.0
0.10585585585585586,1.0
0.106006006006006,1.0
0.10615615615615615,1.0
0.1063063063063063,1.0
0.10645645645645645,1.0
0.1066066066066066,1.0
0.10675675675675675,1.0
0.1069069069069069,1.0
0.10705705705705705,1.0
0.10720720720720721,1.0
0.10735735735735735,1.0
0.1075075075075075,1.0
0.10765765765765765,1.0
0.1078078078078078,1.0
0.10795795795795796,1.0
0.1081081081081081,1.0
0.10825825825825826,1.0
0.1084084084084084,1.0
0.10855855855855856,1.0
0.1087087087087087,1.0
0.10885885885885885,1.0
0.109009009009009,1.0
0.10915915915915915,1.0
0.10930930930930931,1.0
0.10945945945945945,1.0
0.10960960960960961,1.0
0.10975975975975975,1.0
0.10990990990990991,1.0
0.11006006006006006,1.0
0.1102102102102102,1.0
0.11036036036036036,1.0
0.1105105105105105,1.0
0.11066066066066066,1.0
0.1108108108108108,1.0
0.11096096096096096,1.0
0.1111111111111111,1.0
0.11126126126126126,1.0
0.1114114114114114,1.0
0.11156156156156155,1.0
0.11171171171171171,1.0
0.11186186186186185,1.0
0.11201201201201201,1.0
0.11216216216216215,1.0
0.11231231231231231,1.0
0.11246246246246246,1.0
0.11261261261261261,1.0
0.11276276276276276,1.0
0.1129129129129129,1.0
0.11306306306306306,1.0
0.1132132132132132,1.0
0.11336336336336336,1.0
0.1135135135135135,1.0
0.11366366366366366,1.0
0.11381381381381381,1.0
0.11396396396396397,1.0
0.11411411411411411,1.0
0.11426426426426425,1.0
0.11441441441441441,1.0
0.11456456456456456,1.0
0.11471471471471471,1.0
0.11486486486486486,1.0
0.11501501501501502,1.0
0.11516516516516516,1.0
0.1153153153153153,1.0
0.11546546546546546,1.0
0.1156156156156156,1.0
0.11576576576576576,1.0
0.1159159159159159,1.0
0.11606606606606606,1.0
0.11621621621621621,1.0
0.11636636636636637,1.0
0.11651651651651651,1.0
0.11666666666666665,1.0
0.11681681681681681,1.0
0.11696696696696696,1.0
0.11711711711711711,1.0
0.11726726726726726,1.0
0.11741741741741742,1.0
0.11756756756756756,1.0
0.11771771771771772,1.0
0.11786786786786786,1.0
0.118018018018018,1.0
0.11816816816816816,1.0
0.11831831831831831,1.0
0.11846846846846847,1.0
0.11861861861861861,1.0
0.11876876876876877,1.0
0.11891891891891891,1.0
0.11906906906906907,1.0
0.11921921921921921,1.0
0.11936936936936936,1.0
0.11951951951951952,1.0
0.11966966966966966,1.0
0.11981981981981982,1.0
0.11996996996996996,1.0
0.12012012012012012,1.0
0.12027027027027026,1.0
0.12042042042042042,1.0
0.12057057057057056,1.0
0.12072072072072071,1.0
0.12087087087087087,1.0
0.12102102102102101,1.0
0.12117117117117117,1.0
0.12132132132132131,1.0
0.12147147147147147,1.0
0.12162162162162161,1.0
0.12177177177177177,1.0
0.12192192192192192,1.0
0.12207207207207206,1.0
0.12222222222222222,1.0
0.12237237237237236,1.0
0.12252252252252252,1.0
0.12267267267267266,1.0
0.12282282282282282,1.0
0.12297297297297297,1.0
0.12312312312312312,1.0
0.12327327327327327,1.0
0.12342342342342341,1.0
0.12357357357357357,1.0
0.12372372372372371,1.0
0.12387387387387387,1.0
0.12402402402402402,1.0
0.12417417417417417,1.0
0.12432432432432432,1.0
0.12447447447447448,1.0
0.12462462462462462,1.0
0.12477477477477476,1.0
0.12492492492492492,1.0
0.12507507507507507,1.0
0.12522522522522522,1.0
0.12537537537537538,1.0
0.1255255255255255,1.0
0.12567567567567567,1.0
0.12582582582582583,1.0
0.12597597597597596,1.0
0.12612612612612611,1.0
0.12627627627627627,1.0
0.12642642642642643,1.0
0.12657657657657656,1.0
0.12672672672672672,1.0
0.12687687687687688,1.0
0.12702702702702703,1.0
0.12717717717717716,1.0
0.12732732732732732,1.0
0.12747747747747748,1.0
0.1276276276276276,1.0
0.12777777777777777,1.0
0.12792792792792793,1.0
0.12807807807807808,1.0
0.1282282282282282,1.0
0.12837837837837837,1.0
0.12852852852852853,1.0
0.12867867867867866,1.0
0.12882882882882882,1.0
0.12897897897897898,1.0
0.12912912912912913,1.0
0.12927927927927926,1.0
0.12942942942942942,1.0
0.12957957957957958,1.0
0.12972972972972974,1.0
0.12987987987987987,1.0
0.13003003003003002,1.0
0.13018018018018018,1.0
0.1303303303303303,1.0
0.13048048048048047,1.0
0.13063063063063063,1.0
0.1307807807807808,1.0
0.13093093093093092,1.0
0.13108108108108107,1.0
0.13123123123123123,1.0
0.13138138138138136,1.0
0.13153153153153152,1.0
0.13168168168168168,1.0
0.13183183183183184,1.0
0.13198198198198197,1.0
0.13213213213213212,1.0
0.13228228228228228,1.0
0.13243243243243244,1.0
0.13258258258258257,1.0
0.13273273273273273,1.0
0.13288288288288289,1.0
0.13303303303303302,1.0
0.13318318318318317,1.0
0.13333333333333333,1.0
0.1334834834834835,1.0
0.13363363363363362,1.0
0.13378378378378378,1.0
0.13393393393393394,1.0
0.13408408408408407,1.0
0.13423423423423422,1.0
0.13438438438438438,1.0
0.13453453453453454,1.0
0.13468468468468467,1.0
0.13483483483483483,1.0
0.13498498498498498,1.0
0.13513513513513514,1.0
0.13528528528528527,1.0
0.13543543543543543,1.0
0.1355855855855856,1.0
0.13573573573573572,1.0
0.13588588588588588,1.0
0.13603603603603603,1.0
0.1361861861861862,1.0
0.13633633633633632,1.0
0.13648648648648648,1.0
0.13663663663663664,1.0
0.13678678678678677,1.0
0.13693693693693693,1.0
0.13708708708708708,1.0
0.13723723723723724,1.0
0.13738738738738737,1.0
0.13753753753753753,1.0
0.1376876876876877,1.0
0.13783783783783785,1.0
0.13798798798798798,1.0
0.13813813813813813,1.0
0.1382882882882883,1.0
0.13843843843843842,1.0
0.13858858858858858,1.0
0.13873873873873874,1.0
0.1388888888888889,1.0
0.13903903903903903,1.0
0.13918918918918918,1.0
0.13933933933933934,1.0
0.13948948948948947,1.0
0.13963963963963963,1.0
0.1397897897897898,1.0
0.13993993993993994,1.0
0.14009009009009007,1.0
0.14024024024024023,1.0
0.1403903903903904,1.0
0.14054054054054052,1.0
0.14069069069069068,1.0
0.14084084084084084,1.0
0.140990990990991,1.0
0.14114114114114112,1.0
0.14129129129129128,1.0
0.14144144144144144,1.0
0.1415915915915916,1.0
0.14174174174174173,1.0
0.14189189189189189,1.0
0.14204204204204204,1.0
0.14219219219219217,1.0
0.14234234234234233,1.0
0.1424924924924925,1.0
0.14264264264264265,1.0
0.14279279279279278,1.0
0.14294294294294294,1.0
0.1430930930930931,1.0
0.14324324324324322,1.0
0.14339339339339338,1.0
0.14354354354354354,1.0
0.1436936936936937,1.0
0.14384384384384383,1.0
0.14399399399399399,1.0
0.14414414414414414,1.0
0.1442942942942943,1.0
0.14444444444444443,1.0
0.1445945945945946,1.0
0.14474474474474475,1.0
0.14489489489489488,1.0
0.14504504504504503,1.0
0.1451951951951952,1.0
0.14534534534534535,1.0
0.14549549549549548,1.0
0.14564564564564564,1.0
0.1457957957957958,1.0
0.14594594594594593,1.0
0.14609609609609608,1.0
0.14624624624624624,1.0
0.1463963963963964,1.0
0.14654654654654653,1.0
0.1466966966966967,1.0
0.14684684684684685,1.0
0.146996996996997,1.0
0.14714714714714713,1.0
0.1472972972972973,1.0
0.14744744744744745,1.0
0.14759759759759758,1.0
0.14774774774774774,1.0
0.1478978978978979,1.0
0.14804804804804805,1.0
0.14819819819819818,1.0
0.14834834834834834,1.0
0.1484984984984985,1.0
0.14864864864864863,1.0
0.1487987987987988,1.0
0.14894894894894894,1.0
0.1490990990990991,1.0
0.14924924924924923,1.0
0.1493993993993994,1.0
0.14954954954954955,1.0
0.1496996996996997,1.0
0.14984984984984984,1.0
0.15,1.0
